Height,Weight,Age,Grip strength,Frailty
65.8,112,30,66.1386,N
71.5,136,19,68.34321999999999,N
69.4,153,45,63.93397999999999,N
68.2,142,22,61.72935999999999,Y
67.8,144,29,52.91087999999999,Y
68.7,123,50,57.320119999999996,N
69.8,141,51,48.501639999999995,Y
70.1,136,23,44.0924,Y
67.9,112,17,41.88778,N
66.8,120,39,68.34321999999999,N
